epoch,loss,accuracy,percision,recall,f1_score
1.0,0.30126167620931354,0.9678769678769679,1.0,0.41652892561983473,0.588098016336056
